sensitivity_analysis,model,fold,held_out_patient,aggregation,metric,value,n_units,ci_lower,ci_upper
gene_only_baseline,Transformer,1,PT1,cell_fold,roc_auc,,,,
gene_only_baseline,Transformer,1,PT1,cell_fold,accuracy,0.9972007613929011,,,
gene_only_baseline,Transformer,1,PT1,cell_fold,precision,1.0,,,
gene_only_baseline,Transformer,1,PT1,cell_fold,recall,0.9972007613929011,,,
gene_only_baseline,Transformer,1,PT1,cell_fold,specificity,,,,
gene_only_baseline,Transformer,1,PT1,cell_fold,f1,0.9985984190166508,,,
gene_only_baseline,Transformer,1,PT1,cell_fold,brier,0.0024894973477191,,,
gene_only_baseline,Transformer,1,PT1,cell_fold,log_loss,0.0090050732214959,,,
gene_only_baseline,Transformer,1,PT1,patient_fold,roc_auc,,1.0,,
gene_only_baseline,Transformer,1,PT1,patient_fold,accuracy,1.0,1.0,,
gene_only_baseline,Transformer,1,PT1,patient_fold,precision,1.0,1.0,,
gene_only_baseline,Transformer,1,PT1,patient_fold,recall,1.0,1.0,,
gene_only_baseline,Transformer,1,PT1,patient_fold,specificity,,1.0,,
gene_only_baseline,Transformer,1,PT1,patient_fold,f1,1.0,1.0,,
gene_only_baseline,Transformer,1,PT1,patient_fold,brier,1.98541966369703e-05,1.0,,
gene_only_baseline,Transformer,1,PT1,patient_fold,log_loss,0.0044657615108558,1.0,,
gene_only_baseline,Transformer,2,PT2,cell_fold,roc_auc,,,,
gene_only_baseline,Transformer,2,PT2,cell_fold,accuracy,0.9997707210821964,,,
gene_only_baseline,Transformer,2,PT2,cell_fold,precision,1.0,,,
gene_only_baseline,Transformer,2,PT2,cell_fold,recall,0.9997707210821964,,,
gene_only_baseline,Transformer,2,PT2,cell_fold,specificity,,,,
gene_only_baseline,Transformer,2,PT2,cell_fold,f1,0.999885347397386,,,
gene_only_baseline,Transformer,2,PT2,cell_fold,brier,0.0002689299119124,,,
gene_only_baseline,Transformer,2,PT2,cell_fold,log_loss,0.0010484150350995,,,
gene_only_baseline,Transformer,2,PT2,patient_fold,roc_auc,,1.0,,
gene_only_baseline,Transformer,2,PT2,patient_fold,accuracy,1.0,1.0,,
gene_only_baseline,Transformer,2,PT2,patient_fold,precision,1.0,1.0,,
gene_only_baseline,Transformer,2,PT2,patient_fold,recall,1.0,1.0,,
gene_only_baseline,Transformer,2,PT2,patient_fold,specificity,,1.0,,
gene_only_baseline,Transformer,2,PT2,patient_fold,f1,1.0,1.0,,
gene_only_baseline,Transformer,2,PT2,patient_fold,brier,2.692759295541691e-07,1.0,,
gene_only_baseline,Transformer,2,PT2,patient_fold,log_loss,0.0005190527219748,1.0,,
gene_only_baseline,Transformer,3,PT3,cell_fold,roc_auc,,,,
gene_only_baseline,Transformer,3,PT3,cell_fold,accuracy,0.9912483169840354,,,
gene_only_baseline,Transformer,3,PT3,cell_fold,precision,0.0,,,
gene_only_baseline,Transformer,3,PT3,cell_fold,recall,0.0,,,
gene_only_baseline,Transformer,3,PT3,cell_fold,specificity,0.9912483169840354,,,
gene_only_baseline,Transformer,3,PT3,cell_fold,f1,0.0,,,
gene_only_baseline,Transformer,3,PT3,cell_fold,brier,0.0068692913756524,,,
gene_only_baseline,Transformer,3,PT3,cell_fold,log_loss,0.0247713268574508,,,
gene_only_baseline,Transformer,3,PT3,patient_fold,roc_auc,,1.0,,
gene_only_baseline,Transformer,3,PT3,patient_fold,accuracy,1.0,1.0,,
gene_only_baseline,Transformer,3,PT3,patient_fold,precision,0.0,1.0,,
gene_only_baseline,Transformer,3,PT3,patient_fold,recall,0.0,1.0,,
gene_only_baseline,Transformer,3,PT3,patient_fold,specificity,1.0,1.0,,
gene_only_baseline,Transformer,3,PT3,patient_fold,f1,0.0,1.0,,
gene_only_baseline,Transformer,3,PT3,patient_fold,brier,0.0001162134828786,1.0,,
gene_only_baseline,Transformer,3,PT3,patient_fold,log_loss,0.0108387635025931,1.0,,
gene_only_baseline,Transformer,4,PT4,cell_fold,roc_auc,,,,
gene_only_baseline,Transformer,4,PT4,cell_fold,accuracy,0.9986062717770036,,,
gene_only_baseline,Transformer,4,PT4,cell_fold,precision,0.0,,,
gene_only_baseline,Transformer,4,PT4,cell_fold,recall,0.0,,,
gene_only_baseline,Transformer,4,PT4,cell_fold,specificity,0.9986062717770036,,,
gene_only_baseline,Transformer,4,PT4,cell_fold,f1,0.0,,,
gene_only_baseline,Transformer,4,PT4,cell_fold,brier,0.001005841998702,,,
gene_only_baseline,Transformer,4,PT4,cell_fold,log_loss,0.003961390957179,,,
gene_only_baseline,Transformer,4,PT4,patient_fold,roc_auc,,1.0,,
gene_only_baseline,Transformer,4,PT4,patient_fold,accuracy,1.0,1.0,,
gene_only_baseline,Transformer,4,PT4,patient_fold,precision,0.0,1.0,,
gene_only_baseline,Transformer,4,PT4,patient_fold,recall,0.0,1.0,,
gene_only_baseline,Transformer,4,PT4,patient_fold,specificity,1.0,1.0,,
gene_only_baseline,Transformer,4,PT4,patient_fold,f1,0.0,1.0,,
gene_only_baseline,Transformer,4,PT4,patient_fold,brier,4.267467651249883e-06,1.0,,
gene_only_baseline,Transformer,4,PT4,patient_fold,log_loss,0.0020679216733183,1.0,,
gene_only_baseline,Transformer,pooled,all,cell_pooled,roc_auc,0.9999594287623592,4.0,0.9998753991539806,0.9999969542652468
gene_only_baseline,Transformer,pooled,all,cell_pooled,accuracy,0.996610340989578,4.0,0.9925732087227416,0.9991168091168092
gene_only_baseline,Transformer,pooled,all,cell_pooled,precision,0.9939663922408932,4.0,0.0,1.0
gene_only_baseline,Transformer,pooled,all,cell_pooled,recall,0.9984706015633852,4.0,0.0,0.9997707210821964
gene_only_baseline,Transformer,pooled,all,cell_pooled,specificity,0.9951092421610752,4.0,0.9912483169840354,0.9986062717770036
gene_only_baseline,Transformer,pooled,all,cell_pooled,f1,0.99621340567424,4.0,0.0,0.9995582094657184
gene_only_baseline,Transformer,pooled,all,cell_pooled,brier,0.0027206702020773,4.0,0.0006876672712633,0.005894439274127
gene_only_baseline,Transformer,pooled,all,cell_pooled,log_loss,0.0099316668188298,4.0,0.0027036626362521,0.0212620822629846
gene_only_baseline,Transformer,pooled,all,patient_pooled,roc_auc,1.0,4.0,1.0,1.0
gene_only_baseline,Transformer,pooled,all,patient_pooled,accuracy,1.0,4.0,1.0,1.0
gene_only_baseline,Transformer,pooled,all,patient_pooled,precision,1.0,4.0,0.0,1.0
gene_only_baseline,Transformer,pooled,all,patient_pooled,recall,1.0,4.0,0.0,1.0
gene_only_baseline,Transformer,pooled,all,patient_pooled,specificity,1.0,4.0,1.0,1.0
gene_only_baseline,Transformer,pooled,all,patient_pooled,f1,1.0,4.0,0.0,1.0
gene_only_baseline,Transformer,pooled,all,patient_pooled,brier,3.515101162293371e-05,4.0,2.268335675259593e-06,9.212358582187484e-05
gene_only_baseline,Transformer,pooled,all,patient_pooled,log_loss,0.0044728488285872,4.0,0.0012934523436758,0.0092455044360477
gene_only_baseline,Transformer,pooled,all,sample_pooled,roc_auc,1.0,4.0,1.0,1.0
gene_only_baseline,Transformer,pooled,all,sample_pooled,accuracy,1.0,4.0,1.0,1.0
gene_only_baseline,Transformer,pooled,all,sample_pooled,precision,1.0,4.0,0.0,1.0
gene_only_baseline,Transformer,pooled,all,sample_pooled,recall,1.0,4.0,0.0,1.0
gene_only_baseline,Transformer,pooled,all,sample_pooled,specificity,1.0,4.0,1.0,1.0
gene_only_baseline,Transformer,pooled,all,sample_pooled,f1,1.0,4.0,0.0,1.0
gene_only_baseline,Transformer,pooled,all,sample_pooled,brier,3.515101162293371e-05,4.0,2.268335675259593e-06,9.212358582187484e-05
gene_only_baseline,Transformer,pooled,all,sample_pooled,log_loss,0.0044728488285872,4.0,0.0012934523436758,0.0092455044360477
tcr_only_baseline,Transformer,1,PT1,cell_fold,roc_auc,,,,
tcr_only_baseline,Transformer,1,PT1,cell_fold,accuracy,0.0,,,
tcr_only_baseline,Transformer,1,PT1,cell_fold,precision,0.0,,,
tcr_only_baseline,Transformer,1,PT1,cell_fold,recall,0.0,,,
tcr_only_baseline,Transformer,1,PT1,cell_fold,specificity,,,,
tcr_only_baseline,Transformer,1,PT1,cell_fold,f1,0.0,,,
tcr_only_baseline,Transformer,1,PT1,cell_fold,brier,0.477480547073999,,,
tcr_only_baseline,Transformer,1,PT1,cell_fold,log_loss,1.20409116842696,,,
tcr_only_baseline,Transformer,1,PT1,patient_fold,roc_auc,,1.0,,
tcr_only_baseline,Transformer,1,PT1,patient_fold,accuracy,0.0,1.0,,
tcr_only_baseline,Transformer,1,PT1,patient_fold,precision,0.0,1.0,,
tcr_only_baseline,Transformer,1,PT1,patient_fold,recall,0.0,1.0,,
tcr_only_baseline,Transformer,1,PT1,patient_fold,specificity,,1.0,,
tcr_only_baseline,Transformer,1,PT1,patient_fold,f1,0.0,1.0,,
tcr_only_baseline,Transformer,1,PT1,patient_fold,brier,0.4681418592605304,1.0,,
tcr_only_baseline,Transformer,1,PT1,patient_fold,log_loss,1.152674453490471,1.0,,
tcr_only_baseline,Transformer,2,PT2,cell_fold,roc_auc,,,,
tcr_only_baseline,Transformer,2,PT2,cell_fold,accuracy,0.0506706408345752,,,
tcr_only_baseline,Transformer,2,PT2,cell_fold,precision,1.0,,,
tcr_only_baseline,Transformer,2,PT2,cell_fold,recall,0.0506706408345752,,,
tcr_only_baseline,Transformer,2,PT2,cell_fold,specificity,,,,
tcr_only_baseline,Transformer,2,PT2,cell_fold,f1,0.0964539007092198,,,
tcr_only_baseline,Transformer,2,PT2,cell_fold,brier,0.4678377802439628,,,
tcr_only_baseline,Transformer,2,PT2,cell_fold,log_loss,1.1586651334082467,,,
tcr_only_baseline,Transformer,2,PT2,patient_fold,roc_auc,,1.0,,
tcr_only_baseline,Transformer,2,PT2,patient_fold,accuracy,0.0,1.0,,
tcr_only_baseline,Transformer,2,PT2,patient_fold,precision,0.0,1.0,,
tcr_only_baseline,Transformer,2,PT2,patient_fold,recall,0.0,1.0,,
tcr_only_baseline,Transformer,2,PT2,patient_fold,specificity,,1.0,,
tcr_only_baseline,Transformer,2,PT2,patient_fold,f1,0.0,1.0,,
tcr_only_baseline,Transformer,2,PT2,patient_fold,brier,0.4642610021503026,1.0,,
tcr_only_baseline,Transformer,2,PT2,patient_fold,log_loss,1.1437153397172912,1.0,,
tcr_only_baseline,Transformer,3,PT3,cell_fold,roc_auc,,,,
tcr_only_baseline,Transformer,3,PT3,cell_fold,accuracy,0.0,,,
tcr_only_baseline,Transformer,3,PT3,cell_fold,precision,0.0,,,
tcr_only_baseline,Transformer,3,PT3,cell_fold,recall,0.0,,,
tcr_only_baseline,Transformer,3,PT3,cell_fold,specificity,0.0,,,
tcr_only_baseline,Transformer,3,PT3,cell_fold,f1,0.0,,,
tcr_only_baseline,Transformer,3,PT3,cell_fold,brier,0.4286062587957213,,,
tcr_only_baseline,Transformer,3,PT3,cell_fold,log_loss,1.065585436768731,,,
tcr_only_baseline,Transformer,3,PT3,patient_fold,roc_auc,,1.0,,
tcr_only_baseline,Transformer,3,PT3,patient_fold,accuracy,0.0,1.0,,
tcr_only_baseline,Transformer,3,PT3,patient_fold,precision,0.0,1.0,,
tcr_only_baseline,Transformer,3,PT3,patient_fold,recall,0.0,1.0,,
tcr_only_baseline,Transformer,3,PT3,patient_fold,specificity,0.0,1.0,,
tcr_only_baseline,Transformer,3,PT3,patient_fold,f1,0.0,1.0,,
tcr_only_baseline,Transformer,3,PT3,patient_fold,brier,0.4274501673305089,1.0,,
tcr_only_baseline,Transformer,3,PT3,patient_fold,log_loss,1.0607291978839044,1.0,,
tcr_only_baseline,Transformer,4,PT4,cell_fold,roc_auc,,,,
tcr_only_baseline,Transformer,4,PT4,cell_fold,accuracy,0.0,,,
tcr_only_baseline,Transformer,4,PT4,cell_fold,precision,0.0,,,
tcr_only_baseline,Transformer,4,PT4,cell_fold,recall,0.0,,,
tcr_only_baseline,Transformer,4,PT4,cell_fold,specificity,0.0,,,
tcr_only_baseline,Transformer,4,PT4,cell_fold,f1,0.0,,,
tcr_only_baseline,Transformer,4,PT4,cell_fold,brier,0.4576879552656111,,,
tcr_only_baseline,Transformer,4,PT4,cell_fold,log_loss,1.1450043017831053,,,
tcr_only_baseline,Transformer,4,PT4,patient_fold,roc_auc,,1.0,,
tcr_only_baseline,Transformer,4,PT4,patient_fold,accuracy,0.0,1.0,,
tcr_only_baseline,Transformer,4,PT4,patient_fold,precision,0.0,1.0,,
tcr_only_baseline,Transformer,4,PT4,patient_fold,recall,0.0,1.0,,
tcr_only_baseline,Transformer,4,PT4,patient_fold,specificity,0.0,1.0,,
tcr_only_baseline,Transformer,4,PT4,patient_fold,f1,0.0,1.0,,
tcr_only_baseline,Transformer,4,PT4,patient_fold,brier,0.4509468683511706,1.0,,
tcr_only_baseline,Transformer,4,PT4,patient_fold,log_loss,1.1132969110654196,1.0,,
tcr_only_baseline,Transformer,pooled,all,cell_pooled,roc_auc,0.0,4.0,0.0,0.0
tcr_only_baseline,Transformer,pooled,all,cell_pooled,accuracy,0.011180815541839523,4.0,0.0,0.03626220362622036
tcr_only_baseline,Transformer,pooled,all,cell_pooled,precision,0.019802867383512546,4.0,0.0,1.0
tcr_only_baseline,Transformer,pooled,all,cell_pooled,recall,0.025036818851251842,4.0,0.0,0.05067064083457526
tcr_only_baseline,Transformer,pooled,all,cell_pooled,specificity,0.0,4.0,0.0,0.0
tcr_only_baseline,Transformer,pooled,all,cell_pooled,f1,0.02211437434332316,4.0,0.0,0.06998654104979811
tcr_only_baseline,Transformer,pooled,all,cell_pooled,brier,0.4567498017387005,4.0,0.4371794617987385,0.47271596953458994
tcr_only_baseline,Transformer,pooled,all,cell_pooled,log_loss,1.140478106553376,4.0,1.086950392711144,1.1863680331466269
tcr_only_baseline,Transformer,pooled,all,patient_pooled,roc_auc,0.0,4.0,0.0,0.0
tcr_only_baseline,Transformer,pooled,all,patient_pooled,accuracy,0.0,4.0,0.0,0.0
tcr_only_baseline,Transformer,pooled,all,patient_pooled,precision,0.0,4.0,0.0,0.0
tcr_only_baseline,Transformer,pooled,all,patient_pooled,recall,0.0,4.0,0.0,0.0
tcr_only_baseline,Transformer,pooled,all,patient_pooled,specificity,0.0,4.0,0.0,0.0
tcr_only_baseline,Transformer,pooled,all,patient_pooled,f1,0.0,4.0,0.0,0.0
tcr_only_baseline,Transformer,pooled,all,patient_pooled,brier,0.45269996622955655,4.0,0.4366528467753687,0.4662014381460234
tcr_only_baseline,Transformer,pooled,all,patient_pooled,log_loss,1.1176039580791248,4.0,1.081475669089004,1.148194913732096
tcr_only_baseline,Transformer,pooled,all,sample_pooled,roc_auc,0.0,4.0,0.0,0.0
tcr_only_baseline,Transformer,pooled,all,sample_pooled,accuracy,0.0,4.0,0.0,0.0
tcr_only_baseline,Transformer,pooled,all,sample_pooled,precision,0.0,4.0,0.0,0.0
tcr_only_baseline,Transformer,pooled,all,sample_pooled,recall,0.0,4.0,0.0,0.0
tcr_only_baseline,Transformer,pooled,all,sample_pooled,specificity,0.0,4.0,0.0,0.0
tcr_only_baseline,Transformer,pooled,all,sample_pooled,f1,0.0,4.0,0.0,0.0
tcr_only_baseline,Transformer,pooled,all,sample_pooled,brier,0.45269996622955655,4.0,0.4366528467753687,0.4662014381460234
tcr_only_baseline,Transformer,pooled,all,sample_pooled,log_loss,1.1176039580791248,4.0,1.081475669089004,1.148194913732096
combined_exclude_recurrence,Transformer,1,PT1,cell_fold,roc_auc,,,,
combined_exclude_recurrence,Transformer,1,PT1,cell_fold,accuracy,0.9793333333333332,,,
combined_exclude_recurrence,Transformer,1,PT1,cell_fold,precision,1.0,,,
combined_exclude_recurrence,Transformer,1,PT1,cell_fold,recall,0.9793333333333332,,,
combined_exclude_recurrence,Transformer,1,PT1,cell_fold,specificity,,,,
combined_exclude_recurrence,Transformer,1,PT1,cell_fold,f1,0.9895587739979792,,,
combined_exclude_recurrence,Transformer,1,PT1,cell_fold,brier,0.016441649136556,,,
combined_exclude_recurrence,Transformer,1,PT1,cell_fold,log_loss,0.063114136405229,,,
combined_exclude_recurrence,Transformer,1,PT1,patient_fold,roc_auc,,1.0,,
combined_exclude_recurrence,Transformer,1,PT1,patient_fold,accuracy,1.0,1.0,,
combined_exclude_recurrence,Transformer,1,PT1,patient_fold,precision,1.0,1.0,,
combined_exclude_recurrence,Transformer,1,PT1,patient_fold,recall,1.0,1.0,,
combined_exclude_recurrence,Transformer,1,PT1,patient_fold,specificity,,1.0,,
combined_exclude_recurrence,Transformer,1,PT1,patient_fold,f1,1.0,1.0,,
combined_exclude_recurrence,Transformer,1,PT1,patient_fold,brier,0.0005417541970587,1.0,,
combined_exclude_recurrence,Transformer,1,PT1,patient_fold,log_loss,0.0235507688715152,1.0,,
combined_exclude_recurrence,Transformer,2,PT2,cell_fold,roc_auc,,,,
combined_exclude_recurrence,Transformer,2,PT2,cell_fold,accuracy,0.9959604641168888,,,
combined_exclude_recurrence,Transformer,2,PT2,cell_fold,precision,1.0,,,
combined_exclude_recurrence,Transformer,2,PT2,cell_fold,recall,0.9959604641168888,,,
combined_exclude_recurrence,Transformer,2,PT2,cell_fold,specificity,,,,
combined_exclude_recurrence,Transformer,2,PT2,cell_fold,f1,0.9979761443396632,,,
combined_exclude_recurrence,Transformer,2,PT2,cell_fold,brier,0.0034068365848831,,,
combined_exclude_recurrence,Transformer,2,PT2,cell_fold,log_loss,0.0148209540585598,,,
combined_exclude_recurrence,Transformer,2,PT2,patient_fold,roc_auc,,1.0,,
combined_exclude_recurrence,Transformer,2,PT2,patient_fold,accuracy,1.0,1.0,,
combined_exclude_recurrence,Transformer,2,PT2,patient_fold,precision,1.0,1.0,,
combined_exclude_recurrence,Transformer,2,PT2,patient_fold,recall,1.0,1.0,,
combined_exclude_recurrence,Transformer,2,PT2,patient_fold,specificity,,1.0,,
combined_exclude_recurrence,Transformer,2,PT2,patient_fold,f1,1.0,1.0,,
combined_exclude_recurrence,Transformer,2,PT2,patient_fold,brier,2.286259501715904e-05,1.0,,
combined_exclude_recurrence,Transformer,2,PT2,patient_fold,log_loss,0.0047929524716155,1.0,,
combined_exclude_recurrence,Transformer,3,PT3,cell_fold,roc_auc,,,,
combined_exclude_recurrence,Transformer,3,PT3,cell_fold,accuracy,0.9893045417680454,,,
combined_exclude_recurrence,Transformer,3,PT3,cell_fold,precision,0.0,,,
combined_exclude_recurrence,Transformer,3,PT3,cell_fold,recall,0.0,,,
combined_exclude_recurrence,Transformer,3,PT3,cell_fold,specificity,0.9893045417680454,,,
combined_exclude_recurrence,Transformer,3,PT3,cell_fold,f1,0.0,,,
combined_exclude_recurrence,Transformer,3,PT3,cell_fold,brier,0.0094619974267573,,,
combined_exclude_recurrence,Transformer,3,PT3,cell_fold,log_loss,0.049839642737156,,,
combined_exclude_recurrence,Transformer,3,PT3,patient_fold,roc_auc,,1.0,,
combined_exclude_recurrence,Transformer,3,PT3,patient_fold,accuracy,1.0,1.0,,
combined_exclude_recurrence,Transformer,3,PT3,patient_fold,precision,0.0,1.0,,
combined_exclude_recurrence,Transformer,3,PT3,patient_fold,recall,0.0,1.0,,
combined_exclude_recurrence,Transformer,3,PT3,patient_fold,specificity,1.0,1.0,,
combined_exclude_recurrence,Transformer,3,PT3,patient_fold,f1,0.0,1.0,,
combined_exclude_recurrence,Transformer,3,PT3,patient_fold,brier,0.0001307001098611,1.0,,
combined_exclude_recurrence,Transformer,3,PT3,patient_fold,log_loss,0.0114982673120561,1.0,,
combined_exclude_recurrence,Transformer,4,PT4,cell_fold,roc_auc,,,,
combined_exclude_recurrence,Transformer,4,PT4,cell_fold,accuracy,0.9881514350453172,,,
combined_exclude_recurrence,Transformer,4,PT4,cell_fold,precision,0.0,,,
combined_exclude_recurrence,Transformer,4,PT4,cell_fold,recall,0.0,,,
combined_exclude_recurrence,Transformer,4,PT4,cell_fold,specificity,0.9881514350453172,,,
combined_exclude_recurrence,Transformer,4,PT4,cell_fold,f1,0.0,,,
combined_exclude_recurrence,Transformer,4,PT4,cell_fold,brier,0.0095830633817242,,,
combined_exclude_recurrence,Transformer,4,PT4,cell_fold,log_loss,0.046140694858644,,,
combined_exclude_recurrence,Transformer,4,PT4,patient_fold,roc_auc,,1.0,,
combined_exclude_recurrence,Transformer,4,PT4,patient_fold,accuracy,1.0,1.0,,
combined_exclude_recurrence,Transformer,4,PT4,patient_fold,precision,0.0,1.0,,
combined_exclude_recurrence,Transformer,4,PT4,patient_fold,recall,0.0,1.0,,
combined_exclude_recurrence,Transformer,4,PT4,patient_fold,specificity,1.0,1.0,,
combined_exclude_recurrence,Transformer,4,PT4,patient_fold,f1,0.0,1.0,,
combined_exclude_recurrence,Transformer,4,PT4,patient_fold,brier,0.0001587813112788,1.0,,
combined_exclude_recurrence,Transformer,4,PT4,patient_fold,log_loss,0.0126809096062819,1.0,,
combined_exclude_recurrence,Transformer,pooled,all,cell_pooled,roc_auc,0.9989138584263936,4.0,0.9983634301500406,0.9996969572607748
combined_exclude_recurrence,Transformer,pooled,all,cell_pooled,accuracy,0.9875118715182786,4.0,0.9820014105902778,0.9930111073472516
combined_exclude_recurrence,Transformer,pooled,all,cell_pooled,precision,0.9844329132690882,4.0,0.0,1.0
combined_exclude_recurrence,Transformer,pooled,all,cell_pooled,recall,0.9858613126370844,4.0,0.0,0.9959604641168888
combined_exclude_recurrence,Transformer,pooled,all,cell_pooled,specificity,0.9887074696910442,4.0,0.9881514350453172,0.9893045417680454
combined_exclude_recurrence,Transformer,pooled,all,cell_pooled,f1,0.9851465951814948,4.0,0.0,0.9949627933600456
combined_exclude_recurrence,Transformer,pooled,all,cell_pooled,brier,0.0102805523782542,4.0,0.0057395076760816,0.0145091597783462
combined_exclude_recurrence,Transformer,pooled,all,cell_pooled,log_loss,0.0463408487948946,4.0,0.027466269371133,0.0583320344622931
combined_exclude_recurrence,Transformer,pooled,all,patient_pooled,roc_auc,1.0,4.0,1.0,1.0
combined_exclude_recurrence,Transformer,pooled,all,patient_pooled,accuracy,1.0,4.0,1.0,1.0
combined_exclude_recurrence,Transformer,pooled,all,patient_pooled,precision,1.0,4.0,0.0,1.0
combined_exclude_recurrence,Transformer,pooled,all,patient_pooled,recall,1.0,4.0,0.0,1.0
combined_exclude_recurrence,Transformer,pooled,all,patient_pooled,specificity,1.0,4.0,1.0,1.0
combined_exclude_recurrence,Transformer,pooled,all,patient_pooled,f1,1.0,4.0,0.0,1.0
combined_exclude_recurrence,Transformer,pooled,all,patient_pooled,brier,0.0002135248874204,4.0,5.684266610429269e-05,0.0004389912937226
combined_exclude_recurrence,Transformer,pooled,all,patient_pooled,log_loss,0.0131307427477797,4.0,0.0067649830853712,0.0205376570412779
combined_exclude_recurrence,Transformer,pooled,all,sample_pooled,roc_auc,1.0,8.0,1.0,1.0
combined_exclude_recurrence,Transformer,pooled,all,sample_pooled,accuracy,1.0,8.0,1.0,1.0
combined_exclude_recurrence,Transformer,pooled,all,sample_pooled,precision,1.0,8.0,0.0,1.0
combined_exclude_recurrence,Transformer,pooled,all,sample_pooled,recall,1.0,8.0,0.0,1.0
combined_exclude_recurrence,Transformer,pooled,all,sample_pooled,specificity,1.0,8.0,1.0,1.0
combined_exclude_recurrence,Transformer,pooled,all,sample_pooled,f1,1.0,8.0,0.0,1.0
combined_exclude_recurrence,Transformer,pooled,all,sample_pooled,brier,0.0002254679584787,8.0,8.293621713837787e-05,0.0004480040564648
combined_exclude_recurrence,Transformer,pooled,all,sample_pooled,log_loss,0.0135885370102907,8.0,0.0081392523877984,0.0205743876092236
combined_all_timepoints,Transformer,1,PT1,cell_fold,roc_auc,,,,
combined_all_timepoints,Transformer,1,PT1,cell_fold,accuracy,0.9878539316980834,,,
combined_all_timepoints,Transformer,1,PT1,cell_fold,precision,1.0,,,
combined_all_timepoints,Transformer,1,PT1,cell_fold,recall,0.9878539316980834,,,
combined_all_timepoints,Transformer,1,PT1,cell_fold,specificity,,,,
combined_all_timepoints,Transformer,1,PT1,cell_fold,f1,0.993889858752579,,,
combined_all_timepoints,Transformer,1,PT1,cell_fold,brier,0.0100940523987344,,,
combined_all_timepoints,Transformer,1,PT1,cell_fold,log_loss,0.0437283901192985,,,
combined_all_timepoints,Transformer,1,PT1,patient_fold,roc_auc,,1.0,,
combined_all_timepoints,Transformer,1,PT1,patient_fold,accuracy,1.0,1.0,,
combined_all_timepoints,Transformer,1,PT1,patient_fold,precision,1.0,1.0,,
combined_all_timepoints,Transformer,1,PT1,patient_fold,recall,1.0,1.0,,
combined_all_timepoints,Transformer,1,PT1,patient_fold,specificity,,1.0,,
combined_all_timepoints,Transformer,1,PT1,patient_fold,f1,1.0,1.0,,
combined_all_timepoints,Transformer,1,PT1,patient_fold,brier,0.0001785188965328,1.0,,
combined_all_timepoints,Transformer,1,PT1,patient_fold,log_loss,0.0134511589531709,1.0,,
combined_all_timepoints,Transformer,2,PT2,cell_fold,roc_auc,,,,
combined_all_timepoints,Transformer,2,PT2,cell_fold,accuracy,0.9974215728405672,,,
combined_all_timepoints,Transformer,2,PT2,cell_fold,precision,1.0,,,
combined_all_timepoints,Transformer,2,PT2,cell_fold,recall,0.9974215728405672,,,
combined_all_timepoints,Transformer,2,PT2,cell_fold,specificity,,,,
combined_all_timepoints,Transformer,2,PT2,cell_fold,f1,0.9987091222030982,,,
combined_all_timepoints,Transformer,2,PT2,cell_fold,brier,0.0021126548572051,,,
combined_all_timepoints,Transformer,2,PT2,cell_fold,log_loss,0.0091711538940798,,,
combined_all_timepoints,Transformer,2,PT2,patient_fold,roc_auc,,1.0,,
combined_all_timepoints,Transformer,2,PT2,patient_fold,accuracy,1.0,1.0,,
combined_all_timepoints,Transformer,2,PT2,patient_fold,precision,1.0,1.0,,
combined_all_timepoints,Transformer,2,PT2,patient_fold,recall,1.0,1.0,,
combined_all_timepoints,Transformer,2,PT2,patient_fold,specificity,,1.0,,
combined_all_timepoints,Transformer,2,PT2,patient_fold,f1,1.0,1.0,,
combined_all_timepoints,Transformer,2,PT2,patient_fold,brier,9.902146430817991e-06,1.0,,
combined_all_timepoints,Transformer,2,PT2,patient_fold,log_loss,0.0031517291006469,1.0,,
combined_all_timepoints,Transformer,3,PT3,cell_fold,roc_auc,,,,
combined_all_timepoints,Transformer,3,PT3,cell_fold,accuracy,0.9871928746928746,,,
combined_all_timepoints,Transformer,3,PT3,cell_fold,precision,0.0,,,
combined_all_timepoints,Transformer,3,PT3,cell_fold,recall,0.0,,,
combined_all_timepoints,Transformer,3,PT3,cell_fold,specificity,0.9871928746928746,,,
combined_all_timepoints,Transformer,3,PT3,cell_fold,f1,0.0,,,
combined_all_timepoints,Transformer,3,PT3,cell_fold,brier,0.0104189705324162,,,
combined_all_timepoints,Transformer,3,PT3,cell_fold,log_loss,0.0440070319623915,,,
combined_all_timepoints,Transformer,3,PT3,patient_fold,roc_auc,,1.0,,
combined_all_timepoints,Transformer,3,PT3,patient_fold,accuracy,1.0,1.0,,
combined_all_timepoints,Transformer,3,PT3,patient_fold,precision,0.0,1.0,,
combined_all_timepoints,Transformer,3,PT3,patient_fold,recall,0.0,1.0,,
combined_all_timepoints,Transformer,3,PT3,patient_fold,specificity,1.0,1.0,,
combined_all_timepoints,Transformer,3,PT3,patient_fold,f1,0.0,1.0,,
combined_all_timepoints,Transformer,3,PT3,patient_fold,brier,0.0002199558816218,1.0,,
combined_all_timepoints,Transformer,3,PT3,patient_fold,log_loss,0.0149419872325969,1.0,,
combined_all_timepoints,Transformer,4,PT4,cell_fold,roc_auc,,,,
combined_all_timepoints,Transformer,4,PT4,cell_fold,accuracy,0.996558956544537,,,
combined_all_timepoints,Transformer,4,PT4,cell_fold,precision,0.0,,,
combined_all_timepoints,Transformer,4,PT4,cell_fold,recall,0.0,,,
combined_all_timepoints,Transformer,4,PT4,cell_fold,specificity,0.996558956544537,,,
combined_all_timepoints,Transformer,4,PT4,cell_fold,f1,0.0,,,
combined_all_timepoints,Transformer,4,PT4,cell_fold,brier,0.002691465661404,,,
combined_all_timepoints,Transformer,4,PT4,cell_fold,log_loss,0.01104563507596,,,
combined_all_timepoints,Transformer,4,PT4,patient_fold,roc_auc,,1.0,,
combined_all_timepoints,Transformer,4,PT4,patient_fold,accuracy,1.0,1.0,,
combined_all_timepoints,Transformer,4,PT4,patient_fold,precision,0.0,1.0,,
combined_all_timepoints,Transformer,4,PT4,patient_fold,recall,0.0,1.0,,
combined_all_timepoints,Transformer,4,PT4,patient_fold,specificity,1.0,1.0,,
combined_all_timepoints,Transformer,4,PT4,patient_fold,f1,0.0,1.0,,
combined_all_timepoints,Transformer,4,PT4,patient_fold,brier,1.5100833298837637e-05,1.0,,
combined_all_timepoints,Transformer,4,PT4,patient_fold,log_loss,0.0038935491000149,1.0,,
combined_all_timepoints,Transformer,pooled,all,cell_pooled,roc_auc,0.9994576750062576,4.0,0.9989412866958908,0.9998978509980512
combined_all_timepoints,Transformer,pooled,all,cell_pooled,accuracy,0.9914057581420448,4.0,0.9873291178335148,0.9967970770362288
combined_all_timepoints,Transformer,pooled,all,cell_pooled,precision,0.9859590607095784,4.0,0.0,1.0
combined_all_timepoints,Transformer,pooled,all,cell_pooled,recall,0.990863136269024,4.0,0.0,0.9974215728405672
combined_all_timepoints,Transformer,pooled,all,cell_pooled,specificity,0.9917240067222628,4.0,0.9871928746928746,0.996558956544537
combined_all_timepoints,Transformer,pooled,all,cell_pooled,f1,0.9884050155049212,4.0,0.0,0.9966868673415024
combined_all_timepoints,Transformer,pooled,all,cell_pooled,brier,0.00701444815553,4.0,0.0025316881196579,0.0103520052507376
combined_all_timepoints,Transformer,pooled,all,cell_pooled,log_loss,0.0298348484107979,4.0,0.0105281920056612,0.0439495440680659
combined_all_timepoints,Transformer,pooled,all,patient_pooled,roc_auc,1.0,4.0,1.0,1.0
combined_all_timepoints,Transformer,pooled,all,patient_pooled,accuracy,1.0,4.0,1.0,1.0
combined_all_timepoints,Transformer,pooled,all,patient_pooled,precision,1.0,4.0,0.0,1.0
combined_all_timepoints,Transformer,pooled,all,patient_pooled,recall,1.0,4.0,0.0,1.0
combined_all_timepoints,Transformer,pooled,all,patient_pooled,specificity,1.0,4.0,1.0,1.0
combined_all_timepoints,Transformer,pooled,all,patient_pooled,f1,1.0,4.0,0.0,1.0
combined_all_timepoints,Transformer,pooled,all,patient_pooled,brier,0.0001058695132449,4.0,1.250135548286162e-05,0.0002095967690595
combined_all_timepoints,Transformer,pooled,all,patient_pooled,log_loss,0.0088596007369467,4.0,0.003522617660846,0.0145692852745517
combined_all_timepoints,Transformer,pooled,all,sample_pooled,roc_auc,1.0,11.0,1.0,1.0
combined_all_timepoints,Transformer,pooled,all,sample_pooled,accuracy,1.0,11.0,1.0,1.0
combined_all_timepoints,Transformer,pooled,all,sample_pooled,precision,1.0,11.0,0.0,1.0
combined_all_timepoints,Transformer,pooled,all,sample_pooled,recall,1.0,11.0,0.0,1.0
combined_all_timepoints,Transformer,pooled,all,sample_pooled,specificity,1.0,11.0,1.0,1.0
combined_all_timepoints,Transformer,pooled,all,sample_pooled,f1,1.0,11.0,0.0,1.0
combined_all_timepoints,Transformer,pooled,all,sample_pooled,brier,0.000120066267332,11.0,2.0332285867602025e-05,0.000211293305806
combined_all_timepoints,Transformer,pooled,all,sample_pooled,log_loss,0.0093917286046866,11.0,0.004103726093936,0.0141143674156872
